SET FOREIGN_KEY_CHECKS = 0;

DROP TABLE IF EXISTS  `courses`;
CREATE TABLE `courses` (
  `id` int(11) NOT NULL AUTO_INCREMENT,
  `grade` enum('A','A-','B+','B','B-','C+','C','C-','D+','D','D-','P','F') NOT NULL,
  `credit` int(11) NOT NULL,
  `name` varchar(100) NOT NULL,
  `term` enum('Fall','J-term','Spring','Summer') NOT NULL,
  `year` enum('Freshman','Sophomore','Junior','Senior') NOT NULL,
  `major` tinyint(1) NOT NULL DEFAULT '0',
  `userID` varchar(50) NOT NULL,
  `created` datetime NOT NULL,
  `lastModified` datetime NOT NULL,
  `deleted` tinyint(1) NOT NULL DEFAULT '0',
  PRIMARY KEY (`id`)
) ENGINE=InnoDB AUTO_INCREMENT=131 DEFAULT CHARSET=utf8;

insert into `courses`(`id`,`grade`,`credit`,`name`,`term`,`year`,`major`,`userID`,`created`,`lastModified`,`deleted`) values
('2','B+','4','What is Light','J-term','Freshman','0','xiaolu','2016-07-30 10:20:26','2016-08-16 23:26:24','0'),
('3','A-','2','Thermodynamics','Fall','Junior','1','xiaolu','2016-07-30 10:20:26','2016-08-16 23:26:24','0'),
('4','A','2','Structural Component Analysis','Summer','Sophomore','1','xiaolu','2016-07-30 10:20:26','2016-08-16 23:26:24','0'),
('5','A','2','Statics','Spring','Sophomore','1','xiaolu','2016-07-30 10:20:26','2016-08-16 23:26:24','0'),
('6','B','4','Staging The Self','Spring','Freshman','0','xiaolu','2016-07-30 10:20:26','2016-08-16 23:26:24','0'),
('7','A','2','Solid Mechanics','Spring','Sophomore','1','xiaolu','2016-07-30 10:20:26','2016-08-16 23:26:24','0'),
('8','A','4','Ordinary Differential Equation','Fall','Sophomore','0','xiaolu','2016-07-30 10:20:26','2016-08-16 23:26:24','0'),
('9','A','2','Numeric Methods','Fall','Junior','1','xiaolu','2016-07-30 10:20:26','2016-08-16 23:26:24','0'),
('10','B','4','Multi-variable','Spring','Freshman','0','xiaolu','2016-07-30 10:20:26','2016-08-16 23:26:24','0'),
('11','A','2','Material','Summer','Freshman','1','xiaolu','2016-07-30 10:20:26','2016-08-16 23:26:24','0'),
('12','A','2','Machine Resign','Fall','Junior','1','xiaolu','2016-07-30 10:20:26','2016-08-16 23:26:24','0'),
('13','A','4','MENASA Film','Fall','Sophomore','0','xiaolu','2016-07-30 10:20:26','2016-08-16 23:26:24','0'),
('14','A','4','Linear Algebra','Fall','Sophomore','0','xiaolu','2016-07-30 10:20:26','2016-08-16 23:26:24','0'),
('15','A','4','Language Globalization & Self','Spring','Junior','0','xiaolu','2016-07-30 10:20:26','2016-08-16 23:26:24','0'),
('16','A','4','Intro To CS','Fall','Sophomore','0','xiaolu','2016-07-30 10:20:26','2016-08-16 23:26:24','0'),
('17','A','4','Instrumentation','Fall','Junior','1','xiaolu','2016-07-30 10:20:26','2016-08-16 23:26:24','0'),
('18','P','4','Indian Literature','Spring','Junior','0','xiaolu','2016-07-30 10:20:26','2016-08-16 23:26:24','0'),
('19','A-','4','Ideas Of The Portrait','J-term','Sophomore','0','xiaolu','2016-07-30 10:20:26','2016-08-16 23:26:24','0'),
('20','A','4','Gender & Globalization','Spring','Sophomore','0','xiaolu','2016-07-30 10:20:26','2016-08-16 23:26:24','0'),
('21','A-','4','FoS Physics','Fall','Freshman','0','xiaolu','2016-07-30 10:20:26','2016-08-16 23:26:24','0'),
('22','A','4','Calculus with Application','Fall','Freshman','0','xiaolu','2016-07-30 10:20:26','2016-08-16 23:26:24','0'),
('23','B+','4','FoS Chemistry','Fall','Freshman','0','xiaolu','2016-07-30 10:20:26','2016-08-16 23:26:24','0'),
('24','B+','4','Analysis & Expression','Fall','Freshman','0','xiaolu','2016-07-30 10:20:26','2016-08-16 23:26:24','0'),
('25','A-','2','FoS Physics','Spring','Freshman','0','xiaolu','2016-07-30 10:20:26','2016-08-16 23:26:24','0'),
('26','B+','4','FoS Chemistry','Spring','Freshman','0','xiaolu','2016-07-30 10:20:26','2016-08-16 23:26:24','0'),
('27','B+','4','FoS Biology','Spring','Freshman','0','xiaolu','2016-07-30 10:20:26','2016-08-16 23:26:24','0'),
('28','A','2','Engineering Conservation Laws','Spring','Sophomore','1','xiaolu','2016-07-30 10:20:26','2016-08-16 23:26:24','0'),
('29','A','2','Digital Logic','Spring','Sophomore','1','xiaolu','2016-07-30 10:20:26','2016-08-16 23:26:24','0'),
('30','A','2','Circuits Fundamentals','Spring','Sophomore','1','xiaolu','2016-07-30 10:20:26','2016-08-16 23:26:24','0'),
('31','A','2','Engineering Dynamics','Spring','Sophomore','1','xiaolu','2016-07-30 10:20:26','2016-08-16 23:26:24','0'),
('32','A','4','Cultural Memory and Resistance','Fall','Junior','0','xiaolu','2016-07-30 10:20:26','2016-08-16 23:26:24','0'),
('33','A','4','Innovation and Entrepreneurship','J-term','Junior','0','xiaolu','2016-07-30 10:20:26','2016-08-16 23:26:24','0'),
('34','A','4','Principles of Financial Accounting','Spring','Junior','0','xiaolu','2016-07-30 10:20:26','2016-08-16 23:26:24','0'),
('35','A','2','Computer Aided Design','Spring','Junior','1','xiaolu','2016-07-30 10:20:26','2016-08-16 23:26:24','0'),
('36','A','4','Finite Element Modeling','Spring','Junior','1','xiaolu','2016-07-30 10:20:26','2016-08-16 23:26:24','0'),
('37','A','2','Fluid Mechanics','Summer','Sophomore','1','xiaolu','2016-07-30 10:20:26','2016-08-16 23:26:24','0'),
('87','A','3','International Political Economy ','Fall','Freshman','1','','2016-08-11 12:13:57','2016-08-11 12:14:09','0'),
('88','B','5','Organic Chemistry 1','Fall','Freshman','0','nwells','0000-00-00 00:00:00','2016-08-12 07:11:51','0'),
('89','A','4','Principles In biology ','Fall','Freshman','0','nwells','2016-08-12 07:10:51','2016-08-12 07:10:51','0'),
('90','A','4','Asian/Pacific American Culture ','Fall','Freshman','0','nwells','2016-08-12 07:11:15','2016-08-12 07:11:15','0'),
('91','A','4','Human Evolution ','Fall','Freshman','0','nwells','2016-08-12 07:11:41','2016-08-12 07:11:41','0'),
('92','A','4','Intro To Psychology','Fall','Freshman','1','','2016-08-12 12:19:18','2016-08-12 12:20:09','0'),
('93','A','4','The Birth Of The Human','Fall','Freshman','0','','2016-08-12 12:20:19','2016-08-12 12:20:19','0'),
('94','A','4','The Pursuit Of Happiness','Fall','Freshman','0','','2016-08-12 12:20:28','2016-08-12 12:20:28','0'),
('95','A','4','Intro To Religious Studies','Fall','Freshman','0','','2016-08-12 12:20:41','2016-08-12 12:20:41','0'),
('96','A','2','Vocal Lesson','Fall','Freshman','0','','2016-08-12 12:21:07','2016-08-12 12:21:07','0'),
('97','A-','4','General Chemistry','Fall','Freshman','1','','2016-08-13 00:30:42','2016-08-13 00:30:56','0'),
('98','A-','4','Cultures And Context','Fall','Freshman','0','','2016-08-13 00:31:11','2016-08-13 00:31:11','0'),
('99','B','4','Calculus i ','Fall','Freshman','1','','2016-08-13 00:31:26','2016-08-13 00:31:26','0'),
('100','B','4','Writing The Essay','Fall','Freshman','0','','2016-08-13 00:31:45','2016-08-13 00:31:45','0'),
('101','A-','4','Tyt','Fall','Freshman','1','','2016-08-13 05:59:33','2016-08-13 06:00:26','1'),
('102','A','4','High ','Fall','Freshman','0','','2016-08-13 05:59:57','2016-08-13 06:00:27','1'),
('103','A','4','Foundations of Healthcare Management','Fall','Freshman','1','maiasror','2016-08-14 19:53:04','2016-08-14 19:53:04','0'),
('104','A','4','Visual Expressions In Society','Fall','Freshman','0','maiasror','2016-08-14 19:53:32','2016-08-14 19:53:32','0'),
('105','A','4','Writing Workshop 1','Fall','Freshman','0','maiasror','2016-08-14 19:53:46','2016-08-14 19:53:46','0'),
('106','A','4','丰富的','Fall','Freshman','0','','2016-08-14 21:30:49','2016-08-14 21:30:49','0'),
('107','A-','3','Managing In A Global Economy ','Fall','Freshman','1','','2016-08-15 23:55:51','2016-08-15 23:56:17','0'),
('108','B','3','Recruiting With Social Media ','Fall','Freshman','1','','2016-08-15 23:56:53','2016-08-15 23:56:53','0'),
('109','A-','4','Foundations Of Healthcare','Fall','Freshman','1','','2016-08-17 09:49:10','2016-08-17 09:51:22','1'),
('110','A','4','Legal Aspects Of Healthcare','Fall','Freshman','1','','2016-08-17 09:49:31','2016-08-17 09:51:17','1'),
('111','B','4','American History ','Fall','Freshman','0','','2016-08-17 09:49:45','2016-08-17 09:51:24','1'),
('112','B-','4','Human Heredity ','Fall','Freshman','0','','2016-08-17 09:50:01','2016-08-17 09:51:19','1'),
('113','B+','4','Middle East Issues ','Fall','Freshman','0','','2016-08-17 09:50:20','2016-08-17 09:51:16','1'),
('114','B','4','Public Speaking ','Fall','Freshman','0','','2016-08-17 09:50:37','2016-08-17 09:51:14','1'),
('115','B','4','Intro to Micro','Spring','Freshman','1','','2016-08-18 13:59:57','2016-08-18 14:00:11','0'),
('116','A-','4','Math for Econ 1','Spring','Freshman','1','','2016-08-18 14:00:30','2016-08-18 14:03:36','0'),
('117','A-','4','International Writing Workshop 1','Spring','Freshman','0','','2016-08-18 14:02:42','2016-08-18 14:02:42','0'),
('118','B+','4','Statistics ','Summer','Freshman','1','','2016-08-18 14:04:15','2016-08-18 14:04:15','0'),
('119','A-','4','Intro Psych','Summer','Freshman','0','','2016-08-18 14:05:53','2016-08-18 14:05:53','0'),
('120','B+','4','Psych Statistics ','Summer','Freshman','0','','2016-08-18 14:08:41','2016-08-18 14:08:41','0'),
('121','A','4','Pokemon','Summer','Senior','1','','2016-08-19 02:05:45','2016-08-19 02:06:16','0'),
('122','A','4','Nevskdv','Fall','Freshman','0','','2016-08-19 02:05:55','2016-08-19 02:05:55','0'),
('123','A','4','Writing The Essay','Fall','Freshman','1','','2016-08-20 22:04:14','2016-08-20 22:05:58','0'),
('124','A','4','Latin American Global Cultures','Fall','Freshman','0','','2016-08-20 22:04:23','2016-08-20 22:05:46','0'),
('125','A','4','Commerce and Culture ','Fall','Freshman','0','','2016-08-20 22:04:41','2016-08-20 22:05:38','0'),
('126','A','4','Human Reproduction ','Fall','Freshman','0','','2016-08-20 22:04:52','2016-08-20 22:05:42','0'),
('127','A','4','African Diaspora','Fall','Freshman','1','','2016-08-20 22:05:00','2016-08-20 22:05:31','0'),
('128','A','4','Calculus 1 ','Fall','Freshman','0','','2016-08-20 22:05:05','2016-08-20 22:05:34','0'),
('129','A','4','History Of Western Art','Fall','Freshman','0','','2016-08-20 22:05:11','2016-08-20 22:05:11','0'),
('130','A','4','African Diaspora ','Fall','Freshman','0','','2016-08-20 22:06:52','2016-08-20 22:06:52','0');
DROP TABLE IF EXISTS  `requests`;
CREATE TABLE `requests` (
  `id` int(11) NOT NULL AUTO_INCREMENT,
  `cmd` varchar(20) NOT NULL,
  `err` int(4) NOT NULL,
  `time_stamp` datetime NOT NULL,
  `userID` varchar(50) NOT NULL,
  `log` text NOT NULL,
  `installationID` varchar(100) NOT NULL,
  `sessionID` varchar(100) NOT NULL,
  PRIMARY KEY (`id`)
) ENGINE=InnoDB AUTO_INCREMENT=285 DEFAULT CHARSET=utf8;

insert into `requests`(`id`,`cmd`,`err`,`time_stamp`,`userID`,`log`,`installationID`,`sessionID`) values
('1','login','0','2016-08-10 23:05:14','xiaolu','Login success. ','835B10D5-195F-4D4E-BB17-DE69FD5C8764',''),
('2','enter','0','2016-08-10 23:05:14','xiaolu','Became active.','835B10D5-195F-4D4E-BB17-DE69FD5C8764','1'),
('3','exit','0','2016-08-10 23:05:16','xiaolu','Resign active.','835B10D5-195F-4D4E-BB17-DE69FD5C8764','1'),
('4','enter','0','2016-08-10 23:05:20','xiaolu','Became active.','835B10D5-195F-4D4E-BB17-DE69FD5C8764','2'),
('5','exit','0','2016-08-10 23:05:23','xiaolu','Resign active.','835B10D5-195F-4D4E-BB17-DE69FD5C8764','2'),
('6','login','0','2016-08-10 23:29:15','xiaolu','Login success. ','835B10D5-195F-4D4E-BB17-DE69FD5C8764','2'),
('7','enter','0','2016-08-10 23:29:15','xiaolu','Became active.','835B10D5-195F-4D4E-BB17-DE69FD5C8764','3'),
('8','exit','0','2016-08-10 23:29:26','xiaolu','Resign active.','835B10D5-195F-4D4E-BB17-DE69FD5C8764','3'),
('9','enter','0','2016-08-10 23:29:39','xiaolu','Became active.','835B10D5-195F-4D4E-BB17-DE69FD5C8764','4'),
('10','login','0','2016-08-10 23:30:24','xiaolu','Login success. ','835B10D5-195F-4D4E-BB17-DE69FD5C8764','4'),
('11','enter','0','2016-08-10 23:30:24','xiaolu','Became active.','835B10D5-195F-4D4E-BB17-DE69FD5C8764','5'),
('12','exit','0','2016-08-10 23:30:25','xiaolu','Resign active.','835B10D5-195F-4D4E-BB17-DE69FD5C8764','5'),
('13','enter','0','2016-08-10 23:30:30','xiaolu','Became active.','835B10D5-195F-4D4E-BB17-DE69FD5C8764','6'),
('14','exit','0','2016-08-10 23:30:32','xiaolu','Resign active.','835B10D5-195F-4D4E-BB17-DE69FD5C8764','6'),
('15','enter','0','2016-08-10 23:30:35','xiaolu','Became active.','835B10D5-195F-4D4E-BB17-DE69FD5C8764','7'),
('16','login','0','2016-08-10 23:49:40','xiaolu','Login success. ','835B10D5-195F-4D4E-BB17-DE69FD5C8764','7'),
('17','enter','0','2016-08-10 23:49:40','xiaolu','Became active.','835B10D5-195F-4D4E-BB17-DE69FD5C8764','8'),
('18','exit','0','2016-08-10 23:49:44','xiaolu','Resign active.','835B10D5-195F-4D4E-BB17-DE69FD5C8764','8'),
('19','enter','0','2016-08-10 23:49:53','xiaolu','Became active.','835B10D5-195F-4D4E-BB17-DE69FD5C8764','9'),
('20','exit','0','2016-08-10 23:49:54','xiaolu','Resign active.','835B10D5-195F-4D4E-BB17-DE69FD5C8764','9'),
('21','enter','0','2016-08-10 23:49:56','xiaolu','Became active.','835B10D5-195F-4D4E-BB17-DE69FD5C8764','10'),
('22','exit','0','2016-08-10 23:50:08','xiaolu','Resign active.','835B10D5-195F-4D4E-BB17-DE69FD5C8764','10'),
('23','enter','0','2016-08-11 02:36:28','xiaolu','Became active.','E7C245FF-026E-43B7-B3F6-568F562D4B8A','11'),
('24','sync','0','2016-08-11 02:36:29','xiaolu','Became active.','E7C245FF-026E-43B7-B3F6-568F562D4B8A','11'),
('25','exit','0','2016-08-11 02:36:32','xiaolu','Resign active.','E7C245FF-026E-43B7-B3F6-568F562D4B8A','11'),
('26','enter','0','2016-08-11 02:37:39','xiaolu','Became active.','B68C43EB-835E-4D22-BBF7-EEAA216E0685','12'),
('27','sync','0','2016-08-11 02:37:39','xiaolu','Became active.','B68C43EB-835E-4D22-BBF7-EEAA216E0685',''),
('28','exit','0','2016-08-11 02:38:06','xiaolu','Resign active.','B68C43EB-835E-4D22-BBF7-EEAA216E0685','12'),
('29','enter','0','2016-08-11 08:58:37','','Became active.','0376936C-5D8F-4FEB-85CC-F3ABD7F60B11','13'),
('30','enter','0','2016-08-11 08:59:44','xiaolu','Became active.','B68C43EB-835E-4D22-BBF7-EEAA216E0685','14'),
('31','sync','0','2016-08-11 08:59:45','xiaolu','Became active.','B68C43EB-835E-4D22-BBF7-EEAA216E0685','14'),
('32','exit','0','2016-08-11 09:01:00','','Resign active.','0376936C-5D8F-4FEB-85CC-F3ABD7F60B11','13'),
('33','enter','0','2016-08-11 09:04:32','xiaolu','Became active.','B68C43EB-835E-4D22-BBF7-EEAA216E0685','15'),
('34','sync','0','2016-08-11 09:04:32','xiaolu','Became active.','B68C43EB-835E-4D22-BBF7-EEAA216E0685','15'),
('35','enter','0','2016-08-11 09:30:49','xiaolu','Became active.','B68C43EB-835E-4D22-BBF7-EEAA216E0685','16'),
('36','sync','0','2016-08-11 09:30:49','xiaolu','Became active.','B68C43EB-835E-4D22-BBF7-EEAA216E0685','16'),
('37','exit','0','2016-08-11 09:30:56','xiaolu','Resign active.','B68C43EB-835E-4D22-BBF7-EEAA216E0685','16'),
('38','enter','0','2016-08-11 12:13:18','','Became active.','FA46F3FF-4EB6-4676-B2A8-741D3C88329D','17'),
('39','create','0','2016-08-11 12:13:57','','Inserted course.','FA46F3FF-4EB6-4676-B2A8-741D3C88329D','17'),
('40','update','0','2016-08-11 12:14:04','','Updated course.','FA46F3FF-4EB6-4676-B2A8-741D3C88329D','17'),
('41','exit','0','2016-08-11 12:14:05','','Resign active.','FA46F3FF-4EB6-4676-B2A8-741D3C88329D','17'),
('42','enter','0','2016-08-11 12:14:07','','Became active.','FA46F3FF-4EB6-4676-B2A8-741D3C88329D','18'),
('43','update','0','2016-08-11 12:14:09','','Updated course.','FA46F3FF-4EB6-4676-B2A8-741D3C88329D','18'),
('44','exit','0','2016-08-11 12:14:11','','Resign active.','FA46F3FF-4EB6-4676-B2A8-741D3C88329D','18'),
('45','enter','0','2016-08-11 12:32:29','xiaolu','Became active.','67B2DA4A-175D-4B71-84C3-E1E8A081230E','19'),
('46','sync','0','2016-08-11 12:32:29','xiaolu','Became active.','67B2DA4A-175D-4B71-84C3-E1E8A081230E',''),
('47','update','0','2016-08-11 12:33:03','xiaolu','Updated course.','67B2DA4A-175D-4B71-84C3-E1E8A081230E','19'),
('48','update','0','2016-08-11 12:33:38','xiaolu','Updated course.','67B2DA4A-175D-4B71-84C3-E1E8A081230E','19'),
('49','update','0','2016-08-11 12:34:05','xiaolu','Updated course.','67B2DA4A-175D-4B71-84C3-E1E8A081230E','19'),
('50','exit','0','2016-08-11 12:34:16','xiaolu','Resign active.','67B2DA4A-175D-4B71-84C3-E1E8A081230E','19'),
('51','enter','0','2016-08-11 12:44:33','xiaolu','Became active.','B68C43EB-835E-4D22-BBF7-EEAA216E0685','20'),
('52','sync','0','2016-08-11 12:44:33','xiaolu','Became active.','B68C43EB-835E-4D22-BBF7-EEAA216E0685','20'),
('53','enter','0','2016-08-11 14:34:46','xiaolu','Became active.','B68C43EB-835E-4D22-BBF7-EEAA216E0685','21'),
('54','sync','0','2016-08-11 14:34:46','xiaolu','Became active.','B68C43EB-835E-4D22-BBF7-EEAA216E0685','21'),
('55','exit','0','2016-08-11 14:34:47','xiaolu','Resign active.','B68C43EB-835E-4D22-BBF7-EEAA216E0685','21'),
('56','enter','0','2016-08-11 14:34:48','xiaolu','Became active.','B68C43EB-835E-4D22-BBF7-EEAA216E0685','22'),
('57','sync','0','2016-08-11 14:34:48','xiaolu','Became active.','B68C43EB-835E-4D22-BBF7-EEAA216E0685','22'),
('58','exit','0','2016-08-11 14:34:48','xiaolu','Resign active.','B68C43EB-835E-4D22-BBF7-EEAA216E0685','22'),
('59','enter','0','2016-08-11 16:26:38','','Became active.','1EDA1470-202C-49CE-8347-D38E4E1BCBC9','23'),
('60','enter','0','2016-08-11 16:32:13','','Became active.','1EDA1470-202C-49CE-8347-D38E4E1BCBC9','24'),
('61','exit','0','2016-08-11 16:32:18','','Resign active.','1EDA1470-202C-49CE-8347-D38E4E1BCBC9','24'),
('62','enter','0','2016-08-12 01:14:37','','Became active.','1B32CA89-75BC-4872-A524-A3FF3B475462','25'),
('63','enter','0','2016-08-12 01:18:57','','Became active.','1B32CA89-75BC-4872-A524-A3FF3B475462','26'),
('64','enter','0','2016-08-12 01:33:23','','Became active.','1B32CA89-75BC-4872-A524-A3FF3B475462','27'),
('65','exit','0','2016-08-12 01:33:27','','Resign active.','1B32CA89-75BC-4872-A524-A3FF3B475462','27'),
('66','enter','0','2016-08-12 04:22:13','','Became active.','1728577A-DDDF-464E-BD8F-56C7D9925EE8','28'),
('67','exit','0','2016-08-12 04:22:38','','Resign active.','1728577A-DDDF-464E-BD8F-56C7D9925EE8','28'),
('68','enter','0','2016-08-12 04:22:38','','Became active.','1728577A-DDDF-464E-BD8F-56C7D9925EE8','29'),
('69','exit','0','2016-08-12 04:22:39','','Resign active.','1728577A-DDDF-464E-BD8F-56C7D9925EE8','29'),
('70','enter','0','2016-08-12 07:09:39','','Became active.','3573CCCB-2354-48AA-A0E0-63BC62370EC6','30'),
('71','signup','0','2016-08-12 07:10:10','nwells','Signup success.','3573CCCB-2354-48AA-A0E0-63BC62370EC6','30'),
('72','create','0','2016-08-12 07:10:33','nwells','Inserted course.','3573CCCB-2354-48AA-A0E0-63BC62370EC6','30'),
('73','create','0','2016-08-12 07:10:51','nwells','Inserted course.','3573CCCB-2354-48AA-A0E0-63BC62370EC6','30'),
('74','create','0','2016-08-12 07:11:15','nwells','Inserted course.','3573CCCB-2354-48AA-A0E0-63BC62370EC6','30'),
('75','create','0','2016-08-12 07:11:41','nwells','Inserted course.','3573CCCB-2354-48AA-A0E0-63BC62370EC6','30'),
('76','update','0','2016-08-12 07:11:51','nwells','Updated course.','3573CCCB-2354-48AA-A0E0-63BC62370EC6','30'),
('77','exit','0','2016-08-12 07:12:02','nwells','Resign active.','3573CCCB-2354-48AA-A0E0-63BC62370EC6','30'),
('78','enter','0','2016-08-12 12:18:43','','Became active.','5BD52533-B8DC-45C2-994D-F18127B5CFB9','31'),
('79','create','0','2016-08-12 12:19:18','','Inserted course.','5BD52533-B8DC-45C2-994D-F18127B5CFB9','31'),
('80','exit','0','2016-08-12 12:19:45','','Resign active.','5BD52533-B8DC-45C2-994D-F18127B5CFB9','31'),
('81','enter','0','2016-08-12 12:19:51','','Became active.','5BD52533-B8DC-45C2-994D-F18127B5CFB9','32'),
('82','update','0','2016-08-12 12:20:09','','Updated course.','5BD52533-B8DC-45C2-994D-F18127B5CFB9','32'),
('83','create','0','2016-08-12 12:20:19','','Inserted course.','5BD52533-B8DC-45C2-994D-F18127B5CFB9','32'),
('84','create','0','2016-08-12 12:20:28','','Inserted course.','5BD52533-B8DC-45C2-994D-F18127B5CFB9','32'),
('85','create','0','2016-08-12 12:20:41','','Inserted course.','5BD52533-B8DC-45C2-994D-F18127B5CFB9','32'),
('86','create','0','2016-08-12 12:21:07','','Inserted course.','5BD52533-B8DC-45C2-994D-F18127B5CFB9','32'),
('87','exit','0','2016-08-12 12:21:09','','Resign active.','5BD52533-B8DC-45C2-994D-F18127B5CFB9','32'),
('88','enter','0','2016-08-12 23:13:11','','Became active.','EA3767C6-8226-4759-AFB5-3B517FF65ED9','33'),
('89','exit','0','2016-08-12 23:13:42','','Resign active.','EA3767C6-8226-4759-AFB5-3B517FF65ED9','33'),
('90','enter','0','2016-08-13 00:30:28','','Became active.','10AE2B03-3F42-43DE-88A9-D2E620D44539','34'),
('91','create','0','2016-08-13 00:30:42','','Inserted course.','10AE2B03-3F42-43DE-88A9-D2E620D44539','34'),
('92','update','0','2016-08-13 00:30:56','','Updated course.','10AE2B03-3F42-43DE-88A9-D2E620D44539','34'),
('93','create','0','2016-08-13 00:31:11','','Inserted course.','10AE2B03-3F42-43DE-88A9-D2E620D44539','34'),
('94','create','0','2016-08-13 00:31:26','','Inserted course.','10AE2B03-3F42-43DE-88A9-D2E620D44539','34'),
('95','create','0','2016-08-13 00:31:45','','Inserted course.','10AE2B03-3F42-43DE-88A9-D2E620D44539','34'),
('96','exit','0','2016-08-13 00:32:07','','Resign active.','10AE2B03-3F42-43DE-88A9-D2E620D44539','34'),
('97','enter','0','2016-08-13 00:32:10','','Became active.','10AE2B03-3F42-43DE-88A9-D2E620D44539','35'),
('98','exit','0','2016-08-13 00:32:11','','Resign active.','10AE2B03-3F42-43DE-88A9-D2E620D44539','35'),
('99','enter','0','2016-08-13 02:18:37','xiaolu','Became active.','67B2DA4A-175D-4B71-84C3-E1E8A081230E','36'),
('100','sync','0','2016-08-13 02:18:37','xiaolu','Became active.','67B2DA4A-175D-4B71-84C3-E1E8A081230E','36'),
('101','exit','0','2016-08-13 02:19:07','xiaolu','Resign active.','67B2DA4A-175D-4B71-84C3-E1E8A081230E','36'),
('102','enter','0','2016-08-13 05:59:09','','Became active.','3E5613D3-F7E7-48D6-9ED7-8AA98C30FE23','37'),
('103','create','0','2016-08-13 05:59:33','','Inserted course.','3E5613D3-F7E7-48D6-9ED7-8AA98C30FE23','37'),
('104','update','0','2016-08-13 05:59:48','','Updated course.','3E5613D3-F7E7-48D6-9ED7-8AA98C30FE23','37'),
('105','create','0','2016-08-13 05:59:57','','Inserted course.','3E5613D3-F7E7-48D6-9ED7-8AA98C30FE23','37'),
('106','delete','0','2016-08-13 06:00:25','','Deleted course.','3E5613D3-F7E7-48D6-9ED7-8AA98C30FE23','37'),
('107','delete','0','2016-08-13 06:00:26','','Deleted course.','3E5613D3-F7E7-48D6-9ED7-8AA98C30FE23','37'),
('108','delete','0','2016-08-13 06:00:27','','Deleted course.','3E5613D3-F7E7-48D6-9ED7-8AA98C30FE23','37'),
('109','exit','0','2016-08-13 06:00:30','','Resign active.','3E5613D3-F7E7-48D6-9ED7-8AA98C30FE23','37'),
('110','enter','0','2016-08-13 07:28:26','','Became active.','63492A0F-6CAA-4AD5-AB43-4A590A63F426','38'),
('111','exit','0','2016-08-13 07:28:34','','Resign active.','63492A0F-6CAA-4AD5-AB43-4A590A63F426','38'),
('112','enter','0','2016-08-13 13:45:13','','Became active.','3EE54C72-1D56-4207-8E80-303D80997336','39'),
('113','exit','0','2016-08-13 13:45:16','','Resign active.','3EE54C72-1D56-4207-8E80-303D80997336','39'),
('114','enter','0','2016-08-13 15:11:07','','Became active.','8425FB4F-5B15-485D-A42D-BF778D55DDF4','40'),
('115','exit','0','2016-08-13 15:11:49','','Resign active.','8425FB4F-5B15-485D-A42D-BF778D55DDF4','40'),
('116','enter','0','2016-08-13 15:41:55','','Became active.','5DE1D889-E00C-4828-B2B6-80466353702E','41'),
('117','exit','0','2016-08-13 15:42:29','','Resign active.','5DE1D889-E00C-4828-B2B6-80466353702E','41'),
('118','enter','0','2016-08-13 19:34:30','','Became active.','9A396767-B62D-40D7-9E07-CDC0A84C943D','42'),
('119','login','2','2016-08-13 19:34:51','','Account does not exist. ','9A396767-B62D-40D7-9E07-CDC0A84C943D','42'),
('120','login','2','2016-08-13 19:35:01','','Account does not exist. ','9A396767-B62D-40D7-9E07-CDC0A84C943D','42'),
('121','login','2','2016-08-13 19:35:15','','Account does not exist. ','9A396767-B62D-40D7-9E07-CDC0A84C943D','42'),
('122','login','2','2016-08-13 19:35:39','','Account does not exist. ','9A396767-B62D-40D7-9E07-CDC0A84C943D','42'),
('123','signup','0','2016-08-13 19:36:01','haosiqi','Signup success.','9A396767-B62D-40D7-9E07-CDC0A84C943D','42'),
('124','exit','0','2016-08-13 19:36:17','haosiqi','Resign active.','9A396767-B62D-40D7-9E07-CDC0A84C943D','42'),
('125','enter','0','2016-08-13 21:34:27','','Became active.','C68D29B1-F3A6-4556-B8F8-ABDB3258F558','43'),
('126','exit','0','2016-08-13 21:34:40','','Resign active.','C68D29B1-F3A6-4556-B8F8-ABDB3258F558','43'),
('127','enter','0','2016-08-14 02:19:19','','Became active.','3FCEAD79-96E3-4811-BBEC-0298DC848BBC','44'),
('128','exit','0','2016-08-14 02:19:23','','Resign active.','3FCEAD79-96E3-4811-BBEC-0298DC848BBC','44'),
('129','enter','0','2016-08-14 02:19:27','','Became active.','3FCEAD79-96E3-4811-BBEC-0298DC848BBC','45'),
('130','login','2','2016-08-14 02:19:55','','Account does not exist. ','3FCEAD79-96E3-4811-BBEC-0298DC848BBC','45'),
('131','signup','0','2016-08-14 02:19:58','syk470','Signup success.','3FCEAD79-96E3-4811-BBEC-0298DC848BBC','45'),
('132','exit','0','2016-08-14 02:20:20','syk470','Resign active.','3FCEAD79-96E3-4811-BBEC-0298DC848BBC','45'),
('133','enter','0','2016-08-14 15:55:07','','Became active.','3A584E5F-817D-419C-8D0B-3A305C230E8F','46'),
('134','exit','0','2016-08-14 15:55:59','','Resign active.','3A584E5F-817D-419C-8D0B-3A305C230E8F','46'),
('135','enter','0','2016-08-14 16:15:44','','Became active.','FF86538C-362C-4D1F-AB96-E05C07C310CC','47'),
('136','exit','0','2016-08-14 16:15:47','','Resign active.','FF86538C-362C-4D1F-AB96-E05C07C310CC','47'),
('137','enter','0','2016-08-14 16:37:46','','Became active.','FF86538C-362C-4D1F-AB96-E05C07C310CC','48'),
('138','exit','0','2016-08-14 16:37:54','','Resign active.','FF86538C-362C-4D1F-AB96-E05C07C310CC','48'),
('139','enter','0','2016-08-14 19:50:50','','Became active.','27C1D5A3-3DB0-4ADB-95F9-F7853297EC96','49'),
('140','login','2','2016-08-14 19:51:33','','Account does not exist. ','27C1D5A3-3DB0-4ADB-95F9-F7853297EC96','49'),
('141','signup','0','2016-08-14 19:51:36','maiasror','Signup success.','27C1D5A3-3DB0-4ADB-95F9-F7853297EC96','49'),
('142','create','0','2016-08-14 19:53:04','maiasror','Inserted course.','27C1D5A3-3DB0-4ADB-95F9-F7853297EC96','49'),
('143','create','0','2016-08-14 19:53:32','maiasror','Inserted course.','27C1D5A3-3DB0-4ADB-95F9-F7853297EC96','49'),
('144','create','0','2016-08-14 19:53:46','maiasror','Inserted course.','27C1D5A3-3DB0-4ADB-95F9-F7853297EC96','49'),
('145','exit','0','2016-08-14 19:53:51','maiasror','Resign active.','27C1D5A3-3DB0-4ADB-95F9-F7853297EC96','49'),
('146','enter','0','2016-08-14 21:19:12','','Became active.','E532F10A-5C67-4EB0-A03D-BFA83F4A8E97','50'),
('147','exit','0','2016-08-14 21:19:57','','Resign active.','E532F10A-5C67-4EB0-A03D-BFA83F4A8E97','50'),
('148','enter','0','2016-08-14 21:26:27','','Became active.','02BE4087-F11C-4D7E-AB6D-774D2AD2B4A2','51'),
('149','exit','0','2016-08-14 21:26:31','','Resign active.','02BE4087-F11C-4D7E-AB6D-774D2AD2B4A2','51'),
('150','enter','0','2016-08-14 21:30:38','','Became active.','B9102E71-F54A-4F7C-8C0D-FC2F858F1748','52'),
('151','create','0','2016-08-14 21:30:49','','Inserted course.','B9102E71-F54A-4F7C-8C0D-FC2F858F1748','52'),
('152','exit','0','2016-08-14 21:30:53','','Resign active.','B9102E71-F54A-4F7C-8C0D-FC2F858F1748','52'),
('153','enter','0','2016-08-15 23:55:02','','Became active.','6777D338-1ABC-48B6-A8F2-AD1CA7CAA452','53'),
('154','create','0','2016-08-15 23:55:51','','Inserted course.','6777D338-1ABC-48B6-A8F2-AD1CA7CAA452','53'),
('155','update','0','2016-08-15 23:56:17','','Updated course.','6777D338-1ABC-48B6-A8F2-AD1CA7CAA452','53'),
('156','create','0','2016-08-15 23:56:53','','Inserted course.','6777D338-1ABC-48B6-A8F2-AD1CA7CAA452','53'),
('157','exit','0','2016-08-15 23:57:17','','Resign active.','6777D338-1ABC-48B6-A8F2-AD1CA7CAA452','53'),
('158','enter','0','2016-08-16 00:26:45','','Became active.','A27C85F5-F41B-4616-860C-01DB18747227','54'),
('159','exit','0','2016-08-16 00:27:13','','Resign active.','A27C85F5-F41B-4616-860C-01DB18747227','54'),
('160','enter','0','2016-08-16 01:11:41','','Became active.','3E27D707-15BC-4479-AAF3-F508E084A507','55'),
('161','exit','0','2016-08-16 01:15:42','','Resign active.','3E27D707-15BC-4479-AAF3-F508E084A507','55'),
('162','enter','0','2016-08-16 01:16:18','','Became active.','3E27D707-15BC-4479-AAF3-F508E084A507','56'),
('163','exit','0','2016-08-16 01:16:31','','Resign active.','3E27D707-15BC-4479-AAF3-F508E084A507','56'),
('164','enter','0','2016-08-16 03:49:14','','Became active.','ABC66B1E-B8CD-4480-9154-0CC2DA041F52','57'),
('165','login','2','2016-08-16 03:49:35','','Account does not exist. ','ABC66B1E-B8CD-4480-9154-0CC2DA041F52','57'),
('166','exit','0','2016-08-16 03:50:02','','Resign active.','ABC66B1E-B8CD-4480-9154-0CC2DA041F52','57'),
('167','enter','0','2016-08-16 04:50:38','','Became active.','2821BD54-C627-40E0-B7FF-B9318AE48CBE','58'),
('168','exit','0','2016-08-16 04:50:41','','Resign active.','2821BD54-C627-40E0-B7FF-B9318AE48CBE','58'),
('169','enter','0','2016-08-16 17:12:10','','Became active.','499B7078-63C1-446D-B05E-12F26A0B0E76','59'),
('170','exit','0','2016-08-16 17:12:17','','Resign active.','499B7078-63C1-446D-B05E-12F26A0B0E76','59'),
('171','enter','0','2016-08-16 23:26:24','xiaolu','Became active.','67B2DA4A-175D-4B71-84C3-E1E8A081230E','60'),
('172','sync','0','2016-08-16 23:26:24','xiaolu','Became active.','67B2DA4A-175D-4B71-84C3-E1E8A081230E','60'),
('173','exit','0','2016-08-16 23:26:42','xiaolu','Resign active.','67B2DA4A-175D-4B71-84C3-E1E8A081230E','60'),
('174','enter','0','2016-08-17 09:48:45','','Became active.','1FA4695D-9682-4199-ABF3-D08BF456B03F','61'),
('175','create','0','2016-08-17 09:49:10','','Inserted course.','1FA4695D-9682-4199-ABF3-D08BF456B03F','61'),
('176','create','0','2016-08-17 09:49:31','','Inserted course.','1FA4695D-9682-4199-ABF3-D08BF456B03F','61'),
('177','create','0','2016-08-17 09:49:45','','Inserted course.','1FA4695D-9682-4199-ABF3-D08BF456B03F','61'),
('178','create','0','2016-08-17 09:50:01','','Inserted course.','1FA4695D-9682-4199-ABF3-D08BF456B03F','61'),
('179','create','0','2016-08-17 09:50:20','','Inserted course.','1FA4695D-9682-4199-ABF3-D08BF456B03F','61'),
('180','create','0','2016-08-17 09:50:37','','Inserted course.','1FA4695D-9682-4199-ABF3-D08BF456B03F','61'),
('181','delete','0','2016-08-17 09:51:14','','Deleted course.','1FA4695D-9682-4199-ABF3-D08BF456B03F','61'),
('182','delete','0','2016-08-17 09:51:16','','Deleted course.','1FA4695D-9682-4199-ABF3-D08BF456B03F','61'),
('183','delete','0','2016-08-17 09:51:17','','Deleted course.','1FA4695D-9682-4199-ABF3-D08BF456B03F','61'),
('184','delete','0','2016-08-17 09:51:19','','Deleted course.','1FA4695D-9682-4199-ABF3-D08BF456B03F','61'),
('185','delete','0','2016-08-17 09:51:22','','Deleted course.','1FA4695D-9682-4199-ABF3-D08BF456B03F','61'),
('186','delete','0','2016-08-17 09:51:24','','Deleted course.','1FA4695D-9682-4199-ABF3-D08BF456B03F','61'),
('187','exit','0','2016-08-17 09:51:25','','Resign active.','1FA4695D-9682-4199-ABF3-D08BF456B03F','61'),
('188','enter','0','2016-08-17 12:02:51','','Became active.','78A3D299-E19A-4780-85A4-96868110866A','62'),
('189','exit','0','2016-08-17 12:02:52','','Resign active.','78A3D299-E19A-4780-85A4-96868110866A','62'),
('190','enter','0','2016-08-18 01:43:07','','Became active.','CE8950B8-6B29-4A1E-B485-F92944E33C5E','63'),
('191','exit','0','2016-08-18 01:43:21','','Resign active.','CE8950B8-6B29-4A1E-B485-F92944E33C5E','63'),
('192','enter','0','2016-08-18 08:09:38','','Became active.','7231B954-1BE1-4276-BBF4-C9C1B3F66A16','64'),
('193','exit','0','2016-08-18 08:09:45','','Resign active.','7231B954-1BE1-4276-BBF4-C9C1B3F66A16','64'),
('194','enter','0','2016-08-18 12:27:34','','Became active.','782BF154-C967-49F4-ADFE-C89E3F7408D7','65'),
('195','exit','0','2016-08-18 12:28:21','','Resign active.','782BF154-C967-49F4-ADFE-C89E3F7408D7','65'),
('196','enter','0','2016-08-18 13:58:55','','Became active.','6CB418D5-D277-4B60-A9C8-EB0E4848D892','66'),
('197','create','0','2016-08-18 13:59:57','','Inserted course.','6CB418D5-D277-4B60-A9C8-EB0E4848D892','66'),
('198','update','0','2016-08-18 14:00:11','','Updated course.','6CB418D5-D277-4B60-A9C8-EB0E4848D892','66'),
('199','create','0','2016-08-18 14:00:30','','Inserted course.','6CB418D5-D277-4B60-A9C8-EB0E4848D892','66'),
('200','update','0','2016-08-18 14:00:54','','Updated course.','6CB418D5-D277-4B60-A9C8-EB0E4848D892','66'),
('201','login','2','2016-08-18 14:01:25','','Account does not exist. ','6CB418D5-D277-4B60-A9C8-EB0E4848D892','66'),
('202','login','2','2016-08-18 14:01:35','','Account does not exist. ','6CB418D5-D277-4B60-A9C8-EB0E4848D892','66'),
('203','create','0','2016-08-18 14:02:42','','Inserted course.','6CB418D5-D277-4B60-A9C8-EB0E4848D892','66'),
('204','update','0','2016-08-18 14:03:33','','Updated course.','6CB418D5-D277-4B60-A9C8-EB0E4848D892','66'),
('205','update','0','2016-08-18 14:03:36','','Updated course.','6CB418D5-D277-4B60-A9C8-EB0E4848D892','66'),
('206','create','0','2016-08-18 14:04:15','','Inserted course.','6CB418D5-D277-4B60-A9C8-EB0E4848D892','66'),
('207','create','0','2016-08-18 14:05:53','','Inserted course.','6CB418D5-D277-4B60-A9C8-EB0E4848D892','66'),
('208','create','0','2016-08-18 14:08:41','','Inserted course.','6CB418D5-D277-4B60-A9C8-EB0E4848D892','66'),
('209','login','2','2016-08-18 14:09:14','','Account does not exist. ','6CB418D5-D277-4B60-A9C8-EB0E4848D892','66'),
('210','login','2','2016-08-18 14:09:21','','Account does not exist. ','6CB418D5-D277-4B60-A9C8-EB0E4848D892','66'),
('211','login','2','2016-08-18 14:09:23','','Account does not exist. ','6CB418D5-D277-4B60-A9C8-EB0E4848D892','66'),
('212','exit','0','2016-08-18 14:09:26','','Resign active.','6CB418D5-D277-4B60-A9C8-EB0E4848D892','66'),
('213','enter','0','2016-08-18 20:23:14','','Became active.','9297DFD7-7804-4873-ABD1-EED4A7B2AF8E','67'),
('214','exit','0','2016-08-18 20:23:19','','Resign active.','9297DFD7-7804-4873-ABD1-EED4A7B2AF8E','67'),
('215','enter','0','2016-08-18 20:36:05','','Became active.','9297DFD7-7804-4873-ABD1-EED4A7B2AF8E','68'),
('216','exit','0','2016-08-18 20:36:18','','Resign active.','9297DFD7-7804-4873-ABD1-EED4A7B2AF8E','68'),
('217','enter','0','2016-08-18 20:36:19','','Became active.','9297DFD7-7804-4873-ABD1-EED4A7B2AF8E','69'),
('218','exit','0','2016-08-18 20:36:22','','Resign active.','9297DFD7-7804-4873-ABD1-EED4A7B2AF8E','69'),
('219','enter','0','2016-08-18 22:40:15','xiaolu','Became active.','B68C43EB-835E-4D22-BBF7-EEAA216E0685','70'),
('220','sync','0','2016-08-18 22:40:15','xiaolu','Became active.','B68C43EB-835E-4D22-BBF7-EEAA216E0685','70'),
('221','exit','0','2016-08-18 22:42:15','xiaolu','Resign active.','B68C43EB-835E-4D22-BBF7-EEAA216E0685','70'),
('222','enter','0','2016-08-19 02:05:08','','Became active.','9F22D9F3-035E-4436-AAF0-6EA125913B41','71'),
('223','create','0','2016-08-19 02:05:45','','Inserted course.','9F22D9F3-035E-4436-AAF0-6EA125913B41','71'),
('224','create','0','2016-08-19 02:05:55','','Inserted course.','9F22D9F3-035E-4436-AAF0-6EA125913B41','71'),
('225','update','0','2016-08-19 02:06:16','','Updated course.','9F22D9F3-035E-4436-AAF0-6EA125913B41','71'),
('226','exit','0','2016-08-19 02:06:18','','Resign active.','9F22D9F3-035E-4436-AAF0-6EA125913B41','71'),
('227','enter','0','2016-08-19 10:00:00','','Became active.','91AED388-8BCD-40B7-BBA8-686E74E36FE5','72'),
('228','exit','0','2016-08-19 10:00:23','','Resign active.','91AED388-8BCD-40B7-BBA8-686E74E36FE5','72'),
('229','enter','0','2016-08-19 10:31:06','','Became active.','0376936C-5D8F-4FEB-85CC-F3ABD7F60B11','73'),
('230','exit','0','2016-08-19 10:31:10','','Resign active.','0376936C-5D8F-4FEB-85CC-F3ABD7F60B11','73'),
('231','enter','0','2016-08-19 12:16:58','xiaolu','Became active.','835B10D5-195F-4D4E-BB17-DE69FD5C8764','74'),
('232','login','0','2016-08-19 12:16:58','xiaolu','Login success. ','835B10D5-195F-4D4E-BB17-DE69FD5C8764','10'),
('233','enter','0','2016-08-19 14:19:24','','Became active.','B90D8731-F010-4A7F-A848-CCF439922E86','75'),
('234','exit','0','2016-08-19 14:19:36','','Resign active.','B90D8731-F010-4A7F-A848-CCF439922E86','75'),
('235','enter','0','2016-08-19 16:04:14','','Became active.','09C2E2D1-BCDE-4543-8C4E-6B0FFCB60F64','76'),
('236','exit','0','2016-08-19 16:04:31','','Resign active.','09C2E2D1-BCDE-4543-8C4E-6B0FFCB60F64','76'),
('237','enter','0','2016-08-19 21:12:44','','Became active.','16F13A8B-D904-4647-9AE9-DB4444D10D99','77'),
('238','exit','0','2016-08-19 21:12:46','','Resign active.','16F13A8B-D904-4647-9AE9-DB4444D10D99','77'),
('239','enter','0','2016-08-19 21:12:47','','Became active.','16F13A8B-D904-4647-9AE9-DB4444D10D99','78'),
('240','exit','0','2016-08-19 21:12:52','','Resign active.','16F13A8B-D904-4647-9AE9-DB4444D10D99','78'),
('241','enter','0','2016-08-19 23:54:36','','Became active.','3330B723-149E-43FC-B072-89259CE3D934','79'),
('242','exit','0','2016-08-19 23:54:43','','Resign active.','3330B723-149E-43FC-B072-89259CE3D934','79'),
('243','enter','0','2016-08-20 06:48:16','','Became active.','F8CCC251-DA34-4862-B669-6235F47FC9A5','80'),
('244','exit','0','2016-08-20 06:48:40','','Resign active.','F8CCC251-DA34-4862-B669-6235F47FC9A5','80'),
('245','enter','0','2016-08-20 06:48:42','','Became active.','F8CCC251-DA34-4862-B669-6235F47FC9A5','81'),
('246','exit','0','2016-08-20 06:48:42','','Resign active.','F8CCC251-DA34-4862-B669-6235F47FC9A5','81'),
('247','enter','0','2016-08-20 14:15:55','','Became active.','FB4BCD00-B9E2-4226-B68A-B853CFB4BF48','82'),
('248','exit','0','2016-08-20 14:16:43','','Resign active.','FB4BCD00-B9E2-4226-B68A-B853CFB4BF48','82'),
('249','enter','0','2016-08-20 19:24:31','','Became active.','0D563180-E5C1-4B99-AC60-45B53353A2C2','83'),
('250','login','0','2016-08-20 19:24:41','xiaolu','Login success. ','0D563180-E5C1-4B99-AC60-45B53353A2C2','83'),
('251','logout','0','2016-08-20 19:24:51','xiaolu','User logout.','0D563180-E5C1-4B99-AC60-45B53353A2C2','83'),
('252','enter','0','2016-08-20 20:25:14','','Became active.','16F13A8B-D904-4647-9AE9-DB4444D10D99','84'),
('253','exit','0','2016-08-20 20:25:20','','Resign active.','16F13A8B-D904-4647-9AE9-DB4444D10D99','84'),
('254','enter','0','2016-08-20 20:25:21','','Became active.','16F13A8B-D904-4647-9AE9-DB4444D10D99','85'),
('255','exit','0','2016-08-20 20:25:28','','Resign active.','16F13A8B-D904-4647-9AE9-DB4444D10D99','85'),
('256','enter','0','2016-08-20 22:03:50','','Became active.','B41E3561-ACE6-43BB-ADDF-4BAD79C32CA2','86'),
('257','enter','0','2016-08-20 22:03:55','','Became active.','FB4BCD00-B9E2-4226-B68A-B853CFB4BF48','87'),
('258','create','0','2016-08-20 22:04:14','','Inserted course.','B41E3561-ACE6-43BB-ADDF-4BAD79C32CA2','86'),
('259','create','0','2016-08-20 22:04:23','','Inserted course.','FB4BCD00-B9E2-4226-B68A-B853CFB4BF48','87'),
('260','create','0','2016-08-20 22:04:41','','Inserted course.','FB4BCD00-B9E2-4226-B68A-B853CFB4BF48','87'),
('261','create','0','2016-08-20 22:04:52','','Inserted course.','FB4BCD00-B9E2-4226-B68A-B853CFB4BF48','87'),
('262','create','0','2016-08-20 22:05:00','','Inserted course.','B41E3561-ACE6-43BB-ADDF-4BAD79C32CA2','86'),
('263','create','0','2016-08-20 22:05:05','','Inserted course.','FB4BCD00-B9E2-4226-B68A-B853CFB4BF48','87'),
('264','create','0','2016-08-20 22:05:11','','Inserted course.','B41E3561-ACE6-43BB-ADDF-4BAD79C32CA2','86'),
('265','update','0','2016-08-20 22:05:13','','Updated course.','FB4BCD00-B9E2-4226-B68A-B853CFB4BF48','87'),
('266','enter','0','2016-08-20 22:05:14','','Became active.','B41E3561-ACE6-43BB-ADDF-4BAD79C32CA2','88'),
('267','update','0','2016-08-20 22:05:17','','Updated course.','FB4BCD00-B9E2-4226-B68A-B853CFB4BF48','87'),
('268','update','0','2016-08-20 22:05:21','','Updated course.','FB4BCD00-B9E2-4226-B68A-B853CFB4BF48','87'),
('269','update','0','2016-08-20 22:05:24','','Updated course.','B41E3561-ACE6-43BB-ADDF-4BAD79C32CA2','88'),
('270','update','0','2016-08-20 22:05:25','','Updated course.','FB4BCD00-B9E2-4226-B68A-B853CFB4BF48','87'),
('271','update','0','2016-08-20 22:05:31','','Updated course.','B41E3561-ACE6-43BB-ADDF-4BAD79C32CA2','88'),
('272','update','0','2016-08-20 22:05:34','','Updated course.','FB4BCD00-B9E2-4226-B68A-B853CFB4BF48','87'),
('273','update','0','2016-08-20 22:05:37','','Updated course.','B41E3561-ACE6-43BB-ADDF-4BAD79C32CA2','88'),
('274','update','0','2016-08-20 22:05:38','','Updated course.','FB4BCD00-B9E2-4226-B68A-B853CFB4BF48','87'),
('275','update','0','2016-08-20 22:05:42','','Updated course.','FB4BCD00-B9E2-4226-B68A-B853CFB4BF48','87'),
('276','update','0','2016-08-20 22:05:46','','Updated course.','FB4BCD00-B9E2-4226-B68A-B853CFB4BF48','87'),
('277','exit','0','2016-08-20 22:05:50','','Resign active.','FB4BCD00-B9E2-4226-B68A-B853CFB4BF48','87'),
('278','enter','0','2016-08-20 22:05:57','','Became active.','FB4BCD00-B9E2-4226-B68A-B853CFB4BF48','89'),
('279','update','0','2016-08-20 22:05:58','','Updated course.','B41E3561-ACE6-43BB-ADDF-4BAD79C32CA2','88'),
('280','exit','0','2016-08-20 22:05:58','','Resign active.','FB4BCD00-B9E2-4226-B68A-B853CFB4BF48','89'),
('281','create','0','2016-08-20 22:06:52','','Inserted course.','B41E3561-ACE6-43BB-ADDF-4BAD79C32CA2','88'),
('282','exit','0','2016-08-20 22:07:09','','Resign active.','B41E3561-ACE6-43BB-ADDF-4BAD79C32CA2','88'),
('283','enter','0','2016-08-20 22:40:43','','Became active.','EF097C1D-9AB8-4624-AD81-C703A20EFA65','90'),
('284','login','0','2016-08-20 22:40:50','xiaolu','Login success. ','EF097C1D-9AB8-4624-AD81-C703A20EFA65','90');
DROP TABLE IF EXISTS  `sessions`;
CREATE TABLE `sessions` (
  `id` int(11) NOT NULL AUTO_INCREMENT,
  `userID` varchar(50) NOT NULL,
  `installationID` varchar(100) NOT NULL,
  `start` datetime NOT NULL,
  `end` datetime NOT NULL,
  PRIMARY KEY (`id`)
) ENGINE=InnoDB AUTO_INCREMENT=91 DEFAULT CHARSET=utf8;

insert into `sessions`(`id`,`userID`,`installationID`,`start`,`end`) values
('1','xiaolu','835B10D5-195F-4D4E-BB17-DE69FD5C8764','2016-08-10 23:05:14','2016-08-10 23:05:16'),
('2','xiaolu','835B10D5-195F-4D4E-BB17-DE69FD5C8764','2016-08-10 23:05:20','2016-08-10 23:05:23'),
('3','xiaolu','835B10D5-195F-4D4E-BB17-DE69FD5C8764','2016-08-10 23:29:15','2016-08-10 23:29:26'),
('4','xiaolu','835B10D5-195F-4D4E-BB17-DE69FD5C8764','2016-08-10 23:29:39','0000-00-00 00:00:00'),
('5','xiaolu','835B10D5-195F-4D4E-BB17-DE69FD5C8764','2016-08-10 23:30:24','2016-08-10 23:30:25'),
('6','xiaolu','835B10D5-195F-4D4E-BB17-DE69FD5C8764','2016-08-10 23:30:30','2016-08-10 23:30:32'),
('7','xiaolu','835B10D5-195F-4D4E-BB17-DE69FD5C8764','2016-08-10 23:30:35','0000-00-00 00:00:00'),
('8','xiaolu','835B10D5-195F-4D4E-BB17-DE69FD5C8764','2016-08-10 23:49:40','2016-08-10 23:49:44'),
('9','xiaolu','835B10D5-195F-4D4E-BB17-DE69FD5C8764','2016-08-10 23:49:53','2016-08-10 23:49:54'),
('10','xiaolu','835B10D5-195F-4D4E-BB17-DE69FD5C8764','2016-08-10 23:49:56','2016-08-10 23:50:08'),
('11','xiaolu','E7C245FF-026E-43B7-B3F6-568F562D4B8A','2016-08-11 02:36:28','2016-08-11 02:36:32'),
('12','xiaolu','B68C43EB-835E-4D22-BBF7-EEAA216E0685','2016-08-11 02:37:39','2016-08-11 02:38:06'),
('13','','0376936C-5D8F-4FEB-85CC-F3ABD7F60B11','2016-08-11 08:58:37','2016-08-11 09:01:00'),
('14','xiaolu','B68C43EB-835E-4D22-BBF7-EEAA216E0685','2016-08-11 08:59:44','0000-00-00 00:00:00'),
('15','xiaolu','B68C43EB-835E-4D22-BBF7-EEAA216E0685','2016-08-11 09:04:32','0000-00-00 00:00:00'),
('16','xiaolu','B68C43EB-835E-4D22-BBF7-EEAA216E0685','2016-08-11 09:30:49','2016-08-11 09:30:56'),
('17','','FA46F3FF-4EB6-4676-B2A8-741D3C88329D','2016-08-11 12:13:18','2016-08-11 12:14:05'),
('18','','FA46F3FF-4EB6-4676-B2A8-741D3C88329D','2016-08-11 12:14:07','2016-08-11 12:14:11'),
('19','xiaolu','67B2DA4A-175D-4B71-84C3-E1E8A081230E','2016-08-11 12:32:29','2016-08-11 12:34:16'),
('20','xiaolu','B68C43EB-835E-4D22-BBF7-EEAA216E0685','2016-08-11 12:44:33','0000-00-00 00:00:00'),
('21','xiaolu','B68C43EB-835E-4D22-BBF7-EEAA216E0685','2016-08-11 14:34:46','2016-08-11 14:34:47'),
('22','xiaolu','B68C43EB-835E-4D22-BBF7-EEAA216E0685','2016-08-11 14:34:48','2016-08-11 14:34:48'),
('23','','1EDA1470-202C-49CE-8347-D38E4E1BCBC9','2016-08-11 16:26:38','0000-00-00 00:00:00'),
('24','','1EDA1470-202C-49CE-8347-D38E4E1BCBC9','2016-08-11 16:32:13','2016-08-11 16:32:18'),
('25','','1B32CA89-75BC-4872-A524-A3FF3B475462','2016-08-12 01:14:37','0000-00-00 00:00:00'),
('26','','1B32CA89-75BC-4872-A524-A3FF3B475462','2016-08-12 01:18:57','0000-00-00 00:00:00'),
('27','','1B32CA89-75BC-4872-A524-A3FF3B475462','2016-08-12 01:33:23','2016-08-12 01:33:27'),
('28','','1728577A-DDDF-464E-BD8F-56C7D9925EE8','2016-08-12 04:22:13','2016-08-12 04:22:38'),
('29','','1728577A-DDDF-464E-BD8F-56C7D9925EE8','2016-08-12 04:22:38','2016-08-12 04:22:39'),
('30','nwells','3573CCCB-2354-48AA-A0E0-63BC62370EC6','2016-08-12 07:09:39','2016-08-12 07:12:02'),
('31','','5BD52533-B8DC-45C2-994D-F18127B5CFB9','2016-08-12 12:18:43','2016-08-12 12:19:45'),
('32','','5BD52533-B8DC-45C2-994D-F18127B5CFB9','2016-08-12 12:19:51','2016-08-12 12:21:09'),
('33','','EA3767C6-8226-4759-AFB5-3B517FF65ED9','2016-08-12 23:13:11','2016-08-12 23:13:42'),
('34','','10AE2B03-3F42-43DE-88A9-D2E620D44539','2016-08-13 00:30:28','2016-08-13 00:32:07'),
('35','','10AE2B03-3F42-43DE-88A9-D2E620D44539','2016-08-13 00:32:10','2016-08-13 00:32:11'),
('36','xiaolu','67B2DA4A-175D-4B71-84C3-E1E8A081230E','2016-08-13 02:18:37','2016-08-13 02:19:07'),
('37','','3E5613D3-F7E7-48D6-9ED7-8AA98C30FE23','2016-08-13 05:59:09','2016-08-13 06:00:30'),
('38','','63492A0F-6CAA-4AD5-AB43-4A590A63F426','2016-08-13 07:28:26','2016-08-13 07:28:34'),
('39','','3EE54C72-1D56-4207-8E80-303D80997336','2016-08-13 13:45:13','2016-08-13 13:45:16'),
('40','','8425FB4F-5B15-485D-A42D-BF778D55DDF4','2016-08-13 15:11:07','2016-08-13 15:11:49'),
('41','','5DE1D889-E00C-4828-B2B6-80466353702E','2016-08-13 15:41:55','2016-08-13 15:42:29'),
('42','haosiqi','9A396767-B62D-40D7-9E07-CDC0A84C943D','2016-08-13 19:34:30','2016-08-13 19:36:17'),
('43','','C68D29B1-F3A6-4556-B8F8-ABDB3258F558','2016-08-13 21:34:27','2016-08-13 21:34:40'),
('44','','3FCEAD79-96E3-4811-BBEC-0298DC848BBC','2016-08-14 02:19:19','2016-08-14 02:19:23'),
('45','syk470','3FCEAD79-96E3-4811-BBEC-0298DC848BBC','2016-08-14 02:19:27','2016-08-14 02:20:20'),
('46','','3A584E5F-817D-419C-8D0B-3A305C230E8F','2016-08-14 15:55:07','2016-08-14 15:55:59'),
('47','','FF86538C-362C-4D1F-AB96-E05C07C310CC','2016-08-14 16:15:44','2016-08-14 16:15:47'),
('48','','FF86538C-362C-4D1F-AB96-E05C07C310CC','2016-08-14 16:37:46','2016-08-14 16:37:54'),
('49','maiasror','27C1D5A3-3DB0-4ADB-95F9-F7853297EC96','2016-08-14 19:50:50','2016-08-14 19:53:51'),
('50','','E532F10A-5C67-4EB0-A03D-BFA83F4A8E97','2016-08-14 21:19:12','2016-08-14 21:19:57'),
('51','','02BE4087-F11C-4D7E-AB6D-774D2AD2B4A2','2016-08-14 21:26:27','2016-08-14 21:26:31'),
('52','','B9102E71-F54A-4F7C-8C0D-FC2F858F1748','2016-08-14 21:30:38','2016-08-14 21:30:53'),
('53','','6777D338-1ABC-48B6-A8F2-AD1CA7CAA452','2016-08-15 23:55:02','2016-08-15 23:57:17'),
('54','','A27C85F5-F41B-4616-860C-01DB18747227','2016-08-16 00:26:45','2016-08-16 00:27:13'),
('55','','3E27D707-15BC-4479-AAF3-F508E084A507','2016-08-16 01:11:41','2016-08-16 01:15:42'),
('56','','3E27D707-15BC-4479-AAF3-F508E084A507','2016-08-16 01:16:18','2016-08-16 01:16:31'),
('57','','ABC66B1E-B8CD-4480-9154-0CC2DA041F52','2016-08-16 03:49:14','2016-08-16 03:50:02'),
('58','','2821BD54-C627-40E0-B7FF-B9318AE48CBE','2016-08-16 04:50:38','2016-08-16 04:50:41'),
('59','','499B7078-63C1-446D-B05E-12F26A0B0E76','2016-08-16 17:12:10','2016-08-16 17:12:17'),
('60','xiaolu','67B2DA4A-175D-4B71-84C3-E1E8A081230E','2016-08-16 23:26:24','2016-08-16 23:26:42'),
('61','','1FA4695D-9682-4199-ABF3-D08BF456B03F','2016-08-17 09:48:45','2016-08-17 09:51:25'),
('62','','78A3D299-E19A-4780-85A4-96868110866A','2016-08-17 12:02:51','2016-08-17 12:02:52'),
('63','','CE8950B8-6B29-4A1E-B485-F92944E33C5E','2016-08-18 01:43:07','2016-08-18 01:43:21'),
('64','','7231B954-1BE1-4276-BBF4-C9C1B3F66A16','2016-08-18 08:09:38','2016-08-18 08:09:45'),
('65','','782BF154-C967-49F4-ADFE-C89E3F7408D7','2016-08-18 12:27:34','2016-08-18 12:28:21'),
('66','','6CB418D5-D277-4B60-A9C8-EB0E4848D892','2016-08-18 13:58:55','2016-08-18 14:09:26'),
('67','','9297DFD7-7804-4873-ABD1-EED4A7B2AF8E','2016-08-18 20:23:14','2016-08-18 20:23:19'),
('68','','9297DFD7-7804-4873-ABD1-EED4A7B2AF8E','2016-08-18 20:36:05','2016-08-18 20:36:18'),
('69','','9297DFD7-7804-4873-ABD1-EED4A7B2AF8E','2016-08-18 20:36:19','2016-08-18 20:36:22'),
('70','xiaolu','B68C43EB-835E-4D22-BBF7-EEAA216E0685','2016-08-18 22:40:15','2016-08-18 22:42:15'),
('71','','9F22D9F3-035E-4436-AAF0-6EA125913B41','2016-08-19 02:05:08','2016-08-19 02:06:18'),
('72','','91AED388-8BCD-40B7-BBA8-686E74E36FE5','2016-08-19 10:00:00','2016-08-19 10:00:23'),
('73','','0376936C-5D8F-4FEB-85CC-F3ABD7F60B11','2016-08-19 10:31:06','2016-08-19 10:31:10'),
('74','xiaolu','835B10D5-195F-4D4E-BB17-DE69FD5C8764','2016-08-19 12:16:58','0000-00-00 00:00:00'),
('75','','B90D8731-F010-4A7F-A848-CCF439922E86','2016-08-19 14:19:24','2016-08-19 14:19:36'),
('76','','09C2E2D1-BCDE-4543-8C4E-6B0FFCB60F64','2016-08-19 16:04:14','2016-08-19 16:04:31'),
('77','','16F13A8B-D904-4647-9AE9-DB4444D10D99','2016-08-19 21:12:44','2016-08-19 21:12:46'),
('78','','16F13A8B-D904-4647-9AE9-DB4444D10D99','2016-08-19 21:12:47','2016-08-19 21:12:52'),
('79','','3330B723-149E-43FC-B072-89259CE3D934','2016-08-19 23:54:36','2016-08-19 23:54:43'),
('80','','F8CCC251-DA34-4862-B669-6235F47FC9A5','2016-08-20 06:48:16','2016-08-20 06:48:40'),
('81','','F8CCC251-DA34-4862-B669-6235F47FC9A5','2016-08-20 06:48:42','2016-08-20 06:48:42'),
('82','','FB4BCD00-B9E2-4226-B68A-B853CFB4BF48','2016-08-20 14:15:55','2016-08-20 14:16:43'),
('83','xiaolu','0D563180-E5C1-4B99-AC60-45B53353A2C2','2016-08-20 19:24:31','0000-00-00 00:00:00'),
('84','','16F13A8B-D904-4647-9AE9-DB4444D10D99','2016-08-20 20:25:14','2016-08-20 20:25:20'),
('85','','16F13A8B-D904-4647-9AE9-DB4444D10D99','2016-08-20 20:25:21','2016-08-20 20:25:28'),
('86','','B41E3561-ACE6-43BB-ADDF-4BAD79C32CA2','2016-08-20 22:03:50','0000-00-00 00:00:00'),
('87','','FB4BCD00-B9E2-4226-B68A-B853CFB4BF48','2016-08-20 22:03:55','2016-08-20 22:05:50'),
('88','','B41E3561-ACE6-43BB-ADDF-4BAD79C32CA2','2016-08-20 22:05:14','2016-08-20 22:07:09'),
('89','','FB4BCD00-B9E2-4226-B68A-B853CFB4BF48','2016-08-20 22:05:57','2016-08-20 22:05:58'),
('90','xiaolu','EF097C1D-9AB8-4624-AD81-C703A20EFA65','2016-08-20 22:40:43','0000-00-00 00:00:00');
DROP TABLE IF EXISTS  `users`;
CREATE TABLE `users` (
  `id` int(11) NOT NULL AUTO_INCREMENT,
  `userID` varchar(50) NOT NULL,
  `hashed_password` varchar(200) NOT NULL,
  PRIMARY KEY (`id`)
) ENGINE=InnoDB AUTO_INCREMENT=34 DEFAULT CHARSET=utf8;

insert into `users`(`id`,`userID`,`hashed_password`) values
('1','xiaolu','$2y$10$ZTllYmE4MDVkN2M1YzZiMe71j6GAEsMuhKSv.tm2b/4TBatpVn89a'),
('30','nwells','$2y$10$MmY0ODcxYjZlZGY4MjMyOOK4rkr15bNSXLQbZrPygHItUqzcc7/Xi'),
('31','haosiqi','$2y$10$MmRhMmNmMWRlMzZmZGEzO.px34yRszwOC0hQ3.YKGaJ9VH9nbVm8m'),
('32','syk470','$2y$10$NjBlZmZiYjZhNjQ4YjgyO.b9OKkk4qu4qrMLY314Vl3RxNMja9yuW'),
('33','maiasror','$2y$10$YzFjN2FkNDczYTVlMjJjMOjOqxbj4ix9QluA0hRQSy3GmE4yHUijS');
SET FOREIGN_KEY_CHECKS = 1;

